client_id	path	sentence
16cfb	000020a912.mp3	বাংলাদেশে দায়িত্ব নেবে
976b1	000039928e.mp3	এ ধরণের কার্ড নিয়ে
f83df	00005debc7.mp3	হতে উপার্জিত অর্থ
9813c	00009e687c.mp3	হাসির বিষয় হয়েই আছে
7ec1c	00012843bc.mp3	সার্ক দেশগুলোতে
e43d4	00012880b1.mp3	সহজেই যাওয়া যায়
5639c	00014d427a.mp3	অন্তর্ভুক্তও করেছে রাশিয়া
321b6	0001e9f600.mp3	সুরকার হিসেবে
a46e2	0001ee459b.mp3	যাতে বিবাহ শাদী দিলে
e00db	0001fd54d9.mp3	আপনার গল্প ছাড়া
4c555	0002656955.mp3	বিবাহ ব্যাপারটাকে নিয়ন্ত্রিত করাই
2ecf8	0002a04050.mp3	বীরভূম জেলা হাসপাতালে
778c0	0002c06046.mp3	মান্নান সৈয়দের মৃত্যুর পর বেরিয়েছে
577fa	0002f5e8b7.mp3	পুলিশের সন্দেহ
15a75	00030c9001.mp3	বাঙালি মধ্যবিত্তের ধর্ম
4c555	000339782d.mp3	কোন অতিবৃষ্টি অরণ্যেই
a9a58	00033caf16.mp3	তখন তার প্রতিক্রিয়াটা
ee4ad	0004bc46f7.mp3	রয়েছেন মুখ্যমন্ত্রী
ac904	000549887f.mp3	তাদের হুমকি দেয়া হয়েছিল
7297e	000571e8eb.mp3	বিশেষ ছাড়ের ব্যবস্থা করা
aa820	0005c0cb27.mp3	অসাধারণ অভিনয় করেন ছবি বিশ্বাস
3fce2	0005c694a1.mp3	দুপুরের রোদে
8a46d	000633820e.mp3	অতঃপর ১৯৬০ সালের ২৬শে জুলাই
65e30	00067a3bf3.mp3	আরেকটি বড় ধরনের
7d3e1	0007ec5c58.mp3	তখন থেকেই ডাকটিকিট সংগ্রহ
7aed9	00081f7414.mp3	শক্তি চট্টোপাধ্যায়
18a52	00090d52b7.mp3	মনোনয়ন বাতিলের ক্ষমতাও
355c1	00090e7ccd.mp3	শিরোনাম আমার ছবি
3f875	00092bb274.mp3	ঘানিটা ঘুরছে
3f493	000970168f.mp3	বিকশিত করতে চাই
717bb	00098b3964.mp3	পুরুষের তৈরি করা
590d0	00099c95d0.mp3	ষড়যন্ত্র করবে
5639c	0009a72716.mp3	এই মার্কিনি বাবুর্চি
91230	0009c2d0f9.mp3	তা নিয়ে প্রতিযোগিতার আয়োজন
c4973	0009d560fe.mp3	টেবিলের ওপর
28bb3	000a4567b4.mp3	লকার্নো আন্তর্জাতিক চলচ্চিত্র উৎসবে
66dcd	000a50081a.mp3	সব কিছুই ঘটে চলেছে
a4750	000a9438d7.mp3	যার যে মূল্য প্রাপ্য
767ff	000ae4299c.mp3	জোড়ালো করতেই ওবামা
4bede	000af00d30.mp3	শুল্ক বিভাগের কর্মকর্তারা
6dff5	000c03fe83.mp3	নাচতে হয়
880ae	000c053da3.mp3	বিবাহ করিলেন
16e96	000c77a792.mp3	কিন্তু কৃষ্ণ রথের উপর
86b1b	000d57ddbf.mp3	তাহা লইয়া ন্যায্য
f9dfb	000d7874ee.mp3	বা অ্যালার্জির বংশগত রোগ যুক্ত
ea5be	000dc2f08b.mp3	শাসন করত
e9fa7	000f852677.mp3	মনোযোগ দিয়েছে
c463d	001050deb2.mp3	পাকিস্তানের ৫৪-সদস্যের দল
0c39f	00110b32d4.mp3	এই দ্বিগুণ দাম
b8ed8	00112a63e8.mp3	প্রায়ই ‘এককাট্টা শ্রেণী’ হিসেবে নিয়েছেন
ef4f8	00113d863f.mp3	কষ্টের কথা
f1240	0011dc9c2f.mp3	টেলিফিল্ম, নাটক ও চলচ্চিত্রে
37d7e	0011edfd6e.mp3	মীর কাসেম আলীর বিরুদ্ধে
42898	00122e09b7.mp3	সবচেয়ে দামী খাবারটি
11915	0012321d7b.mp3	প্রিয় শাবিপ্রবির উদ্দেশে
e8dde	00128c7353.mp3	অথচ কোনো খবর নেই
274ee	0012b9b651.mp3	আঙুলের নখ
3bea8	0012fe9553.mp3	দীর্ঘ দিন
75f18	00133b44f7.mp3	শিগগিরই একটা ভালো
7f71c	001352d84c.mp3	দ্বিতীয় বাছাই
08458	0013a12315.mp3	লেবাননের সীমান্তে
d3e06	0013c091de.mp3	উদাহরণস্বরূপ বলা
ff970	0014058b5f.mp3	এছাড়াও সহিংসতায়
1279e	001415e92d.mp3	সাজানোর জন্য
2fc12	0014eb81c0.mp3	মনিরুজ্জামান চৌধুরীর হাতে
e7230	00150297ca.mp3	মুশকিল আসানকারীদের প্রচারপত্রে
323f1	001528b596.mp3	নিজেও আত্মহত্যা করেন
31f2a	00154bb7d4.mp3	আমি তোমার
18460	0015b27f63.mp3	৬০০ থেকে ৮০০ মেগাওয়াট
cb627	0015eb3a5f.mp3	তাঁর এই স্বীকারোক্তি
b618b	00165b8335.mp3	যেসব খাবার খাওয়া হচ্ছে
5dec6	0016782bd0.mp3	বাংলা উইকিপিডিয়া
d2355	0016f4aa06.mp3	কারণ রাজের জন্যই তো
239f7	0016fc111c.mp3	মামলা নিষ্পত্তি করতে হবে
dec2d	0017086031.mp3	একজন অন্যজনের সঙ্গে
967fd	00171dce25.mp3	আকাশের বুকে এক জ্বলন্ত অগ্নিকুণ্ড
ef915	00180e5568.mp3	বাংলাদেশের পুলিশ বিভাগে কর্মরত
420df	0018237726.mp3	গ্রেপ্তারি এড়াতে
7351e	00185f8299.mp3	শেষ হওয়ার কথা ছিল
23291	0018e80698.mp3	ওদের সঙ্গে চলে না
932bb	0019330426.mp3	আমি তোমাকে কবে গল্প দিলাম
ee886	0019373749.mp3	এই দু’টি ক্যাটাগরিতে
3fb17	001992bbc9.mp3	প্রতিরোধের আভাস থাকলেও
98b81	0019a76004.mp3	একটি বিনোদনপত্রিকায় কুৎসিত ভাষায়
24f73	0019b7ce7f.mp3	আইন এবং রাজনীতির আবির্ভাব হলো
64092	0019cda4ca.mp3	খাড়া পাহাড়-প্রাচীরের তলার দিকে
60b9d	001aef3bb2.mp3	টিনের স্যুটকেস
f29bf	001b710504.mp3	ভারতের শতাধিক প্রেক্ষাগৃহে
b8bdd	001bdb23d2.mp3	মুজিবুর রহমানকেও
03284	001be0a9e1.mp3	আফগানিস্তান বা পাকিস্তানে কাজকে
91dff	001cebb990.mp3	দুটো আরামদায়ক শয়ন-কক্ষ
5a61c	001d1c3e9b.mp3	সেপ্টেম্বর ১৩, ১৯০৪
6a35e	001d61b062.mp3	মেনে নিলেন
903fa	001dd3979d.mp3	পরে দেখলাম
12702	001dd81463.mp3	মানুষকে উদ্ধার করতে পারে
e2ba2	001e458443.mp3	এতে হামিদুল
3fc9d	001f1ac9c6.mp3	জনসংখ্যা বৃদ্ধির হার
3ccf1	001f3a31d1.mp3	ভূমিকা ছিল
98b81	001f51dfd8.mp3	৫-৬জন যুবক
b2a62	001f8d0ee1.mp3	স্থগিত করেছেন
7c272	00200225f5.mp3	তাৎক্ষণিকভাবে এর কারণ জানা যায়নি
c3cca	00203b850e.mp3	তিনি অ্যাকোয়ারিস্ট নামে
b8bf0	0020b3d755.mp3	বাণিজ্যে ধর্ম ঢুকেছে
7d3e1	0020ce9acf.mp3	সে-ধরনের একটা কিছু
05901	002141b618.mp3	সহিংস বিক্ষোভের অনেক চিহ্ন
e2ff7	0021afb685.mp3	নতুন হাসপাতালটা
ee4ad	0022399e6d.mp3	চালানটি পাওয়া যায়
ad050	002261ad52.mp3	থানায় মামলা করেছিলেন
0c39f	0022ad589c.mp3	মোট দশটি খেলা খেলেছে বাংলাদেশ
75626	00232be503.mp3	শুরু হয় বিয়ে পড়ানো
92f59	0023d2aed8.mp3	দগ্ধ একজন যাত্রী
e2ff7	00243e8222.mp3	ছেলেটি আমাকে ছেড়ে চলে যায়
287bd	0024cedb4a.mp3	মিঠাইগুলো আঙিনায় পড়তে
28dfc	0024eee6dc.mp3	গতকাল সকালে ছিল মুষলধারে বৃষ্টি
25696	0025ef0740.mp3	মিছিলটি ঢাকা-গাজীপুর সড়কে পেীঁছলে
a1201	002619ac0d.mp3	বাস্তবায়ন করতেই
16cfb	002648db9d.mp3	সঙ্কীর্ণ পথে চলিতেছিল
d136b	0026972ff8.mp3	বাংলা মোটর থেকে মৎস্য ভবন পর্যন্ত
f658d	0026c78e27.mp3	জানতে চাইলেন
acb88	0026ceb885.mp3	সান্ধ্য কোর্স চালু করার
06e62	00275797b0.mp3	ভবানীপুর হাসপাতালে
d5f7b	00291bb8a0.mp3	তিনি যা করেছেন
c11b1	00293e356f.mp3	বাসটি কিছুদূর যাওয়ার পর
aa820	00297c46ca.mp3	প্রাচীন ইতিহাস
698ff	00299fec69.mp3	এক বছরে ২ হাজার কোটি টাকা
9642e	0029c08f39.mp3	আমরা ধীরে ধীরে সব খোয়াইলাম
8c07c	0029d50ffa.mp3	জেনারেটর সরবরাহ করেছে
ff1c3	0029f8d64a.mp3	প্রার্থীর নিরাপত্তা
05901	002a156bec.mp3	এই ভবনে ওয়ার্ল্ড সার্ভিস
d8c80	002a255b32.mp3	নইলে হয়ত
b8fe1	002a27ea9a.mp3	২০০৫ সাল থেকে তিনি
3c897	002ad7b2b0.mp3	বুধবার সন্ধ্যা ৬টায় শেষ হয়
ad050	002b3e4783.mp3	৬৪ জন জেলা শিক্ষা অফিসার
16e96	002b70b194.mp3	একটা নির্দলীয়
49543	002ba897d0.mp3	হয়ত অন্যরকম মাটি পাওয়া যায়
60b9d	002bb58eca.mp3	আজই কোন এক সময়
b8bf0	002c1fb537.mp3	গুরুত্বপূর্ণ ভূমিকা পালন করেন
d3e06	002c5a2ebc.mp3	আর কংগ্রেস এগিয়ে আছে
fb4cb	002c6d5cd7.mp3	এরশাদ শিকদার
e89bb	002c730f94.mp3	হাজার হাজার
ea5be	002c8e148e.mp3	১৮৭৫ থেকে ১৯০৪
75f18	002d3d9914.mp3	গৌরবের বীরের
06527	002d56ccd9.mp3	শিক্ষকরা প্রশাসনিক ভবনের সামনে
25117	002dc1b95b.mp3	আঁতকে উঠে পড়বে
698ff	002e0e1af2.mp3	প্রতিমাসে পাখি বিক্রি করে
29bab	002e9c68b7.mp3	ফর্মুলা আমরা শুধু
256f5	002f014586.mp3	সৌদি আরবের সোফা কারখানায়
8a46d	002f0fd1c3.mp3	আসাদুজ্জামান মজনু
1c618	002f303a0c.mp3	যারা স্পিকার, ডেপুটি স্পিকার
cb1aa	002f3d0839.mp3	সুতরাং কাব্যকারের ইহাতে
b52ab	002f992612.mp3	অথচ গল্পের কোথাও
22096	002fb5430c.mp3	কোথায় স্থাপনের উদ্যোগ গ্রহন করেছে
1cb75	0030199b99.mp3	ট্রেড ইউনিয়নকারী শ্রমিকদের
e9759	0030c16f72.mp3	বিভিন্ন দেশেও দেখা যাবে
47e8d	0030c51a3f.mp3	জ্যাক দ্য রিপার
4dd57	0030dff46c.mp3	মনে হলো
dae88	0031247402.mp3	আমরা এই অধ্যায়টির পাঠে
09b32	0031296899.mp3	মাতৃভাষা হিসেবে গ্রহণ করে
2ee04	003164d0a9.mp3	বহুল আলোচিত
f2097	003167e139.mp3	কবিওয়ালের নাম কি কি
16cfb	0032c25a68.mp3	সংস্কৃতি রক্ষার
948d3	003399c103.mp3	এ জন্য পত্রিকায়
f2097	0033d7656c.mp3	জন্মগ্রহণকারী সাবেক ক্রিকেটার
28bb3	00344a3c92.mp3	থার্ড গ্রেডের নায়িকা
16cfb	0034722580.mp3	১ম খণ্ড
acb88	00350b1301.mp3	অং সান ১৯৩৩ সালে
16877	0035a53492.mp3	হাজার হাজার অভিযুক্ত করা হয়েছে
8c120	0035e21fc8.mp3	চলে যেতে বাধ্য আমি
b2a62	0035e6a686.mp3	অবরোধ মানে না
d2294	0035e6e6f1.mp3	সবচেয়ে বেশি প্রশংসা কুড়িয়েছেন
6ab59	0035eee977.mp3	সারবত্তা খুঁজতে
b9b98	003659c03d.mp3	হাত-মুখ ধুয়ে দেন
6973e	0036ad72d8.mp3	ফেলানীর পরিবারের
0f047	0036f446bf.mp3	অবসর সময়কালের
b78ec	0037646137.mp3	সোবে সাদেকের শামস
b5fdc	003787a2a2.mp3	এবং অন্যদিকে শ্রম ও পুঁজির মধ্যে
c0d65	0037b82a4a.mp3	গত বছরের
aa820	00385db080.mp3	হেফাজতের রক্তচক্ষুকে
2ad74	00386d9456.mp3	আমার নাম হয় না কেন
68ab7	0038b1048c.mp3	সার্কাস-তাঁবুর গান বইটিতে
a699c	0038fa4c34.mp3	রান্না শিক্ষা
577fa	003979d55f.mp3	ওর ধপধপাইয়া হাঁটাটি
2ee04	003a223cd5.mp3	আইন ব্যবসা
18460	003a969127.mp3	হওয়ার কথা রয়েছে
ba2f6	003a9bcfeb.mp3	চুলের যত্ন
c3cca	003bc7696a.mp3	মি: খান
f4ba7	003c2a04e3.mp3	স্বাধীনতা সংগ্রামে
db735	003c8b650c.mp3	কুরু নামে একজন
80be1	003d78fa0e.mp3	তাদের দুজনারই মনে হল
7027a	003d938253.mp3	বাজারে ক্রেতাও কম
e9589	003d99c15d.mp3	তার সঙ্গে আমার গল্প
c9c19	003e0d29ec.mp3	যখন সোলস গঠিত হয়
93bf3	003e1c4dc0.mp3	মেঘ হইয়া যান
54e68	003e75772d.mp3	নহিলে পরকালের কাজ হয় না
4164f	003e7765bc.mp3	একসাথে মিলে কাজ করে
52f27	003e8b3d2d.mp3	আনা হচ্ছে
7aed9	003ee67280.mp3	ভেনেজুয়েলার পর্তুগুয়েসা রাজ্যের
49d63	003ef05d88.mp3	ফলে কুকুরের দাঁতে
0a87a	003f18a569.mp3	কোন শিশুই হাত তোলেনি
06527	0040616d81.mp3	এবং দেমোফোনের ভাই
c5dc8	00409f26d8.mp3	দেশের সবচেয়ে সুন্দরী মেয়েকে
4a67e	0040b6d83d.mp3	গ্রীষ্মকাল
c0d65	0040c85c2b.mp3	চিহ্নিতকরণের পাশাপাশি
acb88	0040d873c0.mp3	অমিতাভ বচ্চনের জন্ম
32c77	0041455bc9.mp3	আগে বলল না কেন
404ee	0042bbac9a.mp3	এক প্রজন্ম ধরে
2ee04	0042d77b69.mp3	প্রক্রিয়া এবং এর উদ্দেশ্য নিয়ে
3fae0	0042e18d8e.mp3	আন্ন্যালাচা এলাকায় এ ঘটনা ঘটে
e03fc	0043074fc7.mp3	হিন্দু কনের পোশাকে
79b06	004371f1d0.mp3	অ্যাপলের ওয়েবসাইট হেলথবুক নামে
f1ff2	004385c7db.mp3	ভেবে ঠিক পায় না
23291	0043d64997.mp3	হাত বেঁধে রাখে
e6e48	0043de8e52.mp3	১৯৯৯ সালে রাজধানীর অদূরে গাজীপুরের কালিয়াকৈরে প্রথম হাইটেক পার্ক স্থাপনের উদ্যোগ নেওয়া হয়।
dafb6	004417224f.mp3	দাঁতের ওপর বেশি
2ee04	00441e3049.mp3	রজব আলীর ছেলে
71522	0046449994.mp3	ফল জানা যাবে
ea8fa	0046b6d8de.mp3	নানা রকম লোক
b4ea7	0046ea6074.mp3	ক্রীতদাসী হিসেবে
85430	00470f7ed5.mp3	থাকতে দেখা গেছে
1a2a1	004777aade.mp3	যায়যায় দিন পত্রিকার
577fa	00478c9532.mp3	আলটিমেটাম দিয়েছেন কৃষকরা
3fce2	0047959919.mp3	তফসিল ঘোষণা করে নির্বাচন কমিশন
db181	004795a99a.mp3	কোন তাড়না থেকে
f1ff2	004806eefb.mp3	গ্রাহক চাহিদা বিবেচনায় নিয়ে
cc9fd	0048b29e83.mp3	প্রেসিডিয়ামে ঠাঁই দিয়েছিলেন
e3f89	0049304cfe.mp3	এই দর্শকদের মধ্যে
4c1eb	004968f941.mp3	জাতীয় স্বাস্থ্য নীতি প্রণয়ন করেছে
7d004	0049d136f9.mp3	সেটি একটি বড় কারণ
68549	004a2234f5.mp3	ভালো বন্ধুও হয়ে উঠতে পারে
06527	004a64d0e4.mp3	প্রশংসা করেছেন জন কেরি
33aef	004a6fa698.mp3	আমাদের সেনা ও সেপাইরা
cfc65	004b54f15a.mp3	মো. জহুরুল হক তাদের
ff0fe	004b80d29b.mp3	সংস্কার বাস্তবায়ন কোনো মতেই
f89d7	004ba71ab0.mp3	৮ রাকাত
c4973	004c00db94.mp3	হবে না
fda1a	004c48fbd2.mp3	যথাযথ দায়িত্ব পালন করার
121bd	004c5d3b74.mp3	ইরোটিক ছবি
ad050	004c68e2c6.mp3	একধরনের ড্রামাটিক সাসপেন্স
88654	004c6a7fc9.mp3	খবর বলা হয়েছে
b8ed8	004cf7fba6.mp3	ভিড়ের মধ্যে
ce629	004d0d2f48.mp3	আরও সময় প্রয়োজন বলে
e2c11	004d5ff34b.mp3	ভোট হবে ২৪ ফেব্রুয়ারি
5e80b	004e15eccd.mp3	হয়ে পড়েছিলেন অন্তরীণ
3fce2	004f197f13.mp3	ইহার রচনাপ্রণালী আজিকালিকার
2c9c5	004f599cf2.mp3	একজন মহিলার বক্তব্য
ee852	004fe19036.mp3	বিচার স্বচ্ছতার সাথেই হয়েছে
09f0d	004fe9890b.mp3	একটি হাড় থেকে
fdcba	00510dc784.mp3	লক্ষ্যভেদ করেন তিনি
32998	00514b8748.mp3	বিকাল ৩টা ৪৫মিনিটে
f1240	0051c4fa19.mp3	বাড়ি থেকে বেরোতে গেলে
903fa	0053ecc424.mp3	ছোট গাড়ি
c1e30	0053f36685.mp3	অত্যন্ত মর্মান্তিক ঘটনা
c463d	00540ef022.mp3	বর্ষবরণের পান্তা ইলিশ দিয়ে
a8710	0054aa9ad4.mp3	যদি আপনি আপনার সম্পর্কে
29bab	0054f9f0b9.mp3	ফেডারেশন
d2294	0055a3fae2.mp3	পজিশন
d136b	0055b26204.mp3	গাছের পাতা
b8bba	0055e57735.mp3	অজুহাত বলে মন্তব্য করেছেন
932bb	0056a3d9a0.mp3	শক্ত হয়ে পড়েছে
b8bdd	0056ccda00.mp3	দেশীয় ফোক গানের মাধ্যমেই
c958a	0056dd2a01.mp3	গান গেয়েছিলাম
745b7	0057005cce.mp3	সরকার বাড়িটিকে ইজারা দিয়েছে
410fa	005754d451.mp3	হঠাৎ ছাতিপট্টিতে ঢুকে
82926	0057ed9147.mp3	এর ফল শুভ হয় নয়
84145	0057f6e266.mp3	এজন্য এটি সরকারের জন্য
f280a	005803342a.mp3	কোনও না কোনও জোটে
16a17	0058c0437a.mp3	নাম অনুসারে
c41d8	00596b098a.mp3	ডিস্ট্রিক জাজ ছিল
32c77	0059a0f316.mp3	তাঁকে দেওয়া হয়
f2097	0059a12d9b.mp3	কোন ব্যবস্থা নয় বলেই
e89bb	0059ac7231.mp3	কিছু ভাবা হবেনা
8143b	0059d5ecb7.mp3	ইতোমধ্যে ১৯৪৭ এসে পড়ায়
d5213	005a38ea54.mp3	অভিভাবকরা আতংকিত হয়ে পড়েন
bbb22	005a4dd9d2.mp3	আল-কায়েদাকে নিয়ে
1c618	005a8a692c.mp3	প্রতিষ্ঠানটি সরবরাহ করছে
7027a	005acaa918.mp3	শব্দ যাওয়ার উপায় নেই
14816	005ada9bf5.mp3	নির্বাচন কমিশন নির্বাচনের তফসিল ঘোষণা করবেন।
db735	005bc2187f.mp3	আইন শাখার
d711f	005c112064.mp3	এই দুইভাবে পাওয়া যায়
9813c	005c5c78d3.mp3	এখন খোঁপায় ফুল
0744c	005ccbf1bd.mp3	বুড়িমারী ট্রেন
d7a68	005cd09a17.mp3	লিখে দিলেন
4fd66	005dbcdcff.mp3	চুল আলতোভাবে ঘষে ঘষে
3ccf1	005e392d83.mp3	হোটেল লবিতে মাত্র
f2097	005ebfe1cb.mp3	শক্তিশালী এই ব্যাকআপ জেনারেটর
79b06	005f1df75f.mp3	নিরাপত্তা ঝুঁকিতে থাকা
9282d	005f57a51b.mp3	ব্যবহার করতে হলো
68549	005f9953d3.mp3	এটা হচ্ছে গোয়েন্দা পুলিশ বাহিনী
3f875	005fe05689.mp3	এখানে যে জায়গার কথা বলিতেছি
2aecc	006060d75f.mp3	এ ছাড়াও ডজনেরও বেশি
8b859	0060e58fd0.mp3	ফলে এ ধরনের ছেলেদেরকে
ab946	006133c285.mp3	নিজেও খুব হাসতেন
cf82a	006153d160.mp3	এলাকার উন্নয়নে
b5fdc	006196512c.mp3	জনসংখ্যা হল ৫৭৬৮২ জন
3fae0	00619d4527.mp3	দেবদাস
3c897	0061a1f4a6.mp3	ভূষিত করেন
ff1eb	0062454b68.mp3	উচ্চারিত করতাম না
b00ba	00624d6b66.mp3	বেশি জাহাজ
68ab7	0062e23c28.mp3	অনুষ্ঠানে তিনি বলেন
dae88	0062e8be16.mp3	নিশ্চিতের পাশাপাশি
3ccf1	0063306c9b.mp3	এরপরই রয়েছে
c2082	0063437eff.mp3	তুলনামূলক অল্প পরিশ্রম করে
75626	00638d09d0.mp3	পর্দার আড়ালের কুশীলব
b7be9	00653066b4.mp3	বিভিন্ন ধরনের চুলের জন্য
7df87	00654dda9d.mp3	আমদানিও কমেছে
72649	0065adf655.mp3	বিশ্ববিদ্যালয়ে এ মহাসঙ্কট
9813c	0066088df7.mp3	তসলিমা নাসরিনের লজ্জা বই
c7705	00662048f9.mp3	তাঁদের কান্নার শব্দ
c6848	006695662f.mp3	তবু আমি তো
0d8c1	0066a7a5bf.mp3	সংবিধান পরিবর্তন করতে হলে
8edea	006729f9fe.mp3	সীমান্ত রক্ষী বাহিনীর মধ্যে
bf530	00674b228d.mp3	রিজিয়া পারভীন
976b1	00680d0b43.mp3	পাইকারি হারে
194f5	006811ea42.mp3	শুভ বিবাহ
d2d71	00681f8705.mp3	যা ইচ্ছে খাবে, ফুঁকবে
91dff	006828b08d.mp3	আলকাউসার
95907	006843004c.mp3	তৃণমূল ঘনিষ্ঠ এই চিত্রশিল্পী
4f2ae	0068949d31.mp3	নন্দিতা দাস
4ea73	00693224a4.mp3	বার্সেলোনায় অনুষ্ঠিত
a9a58	00693c01b5.mp3	কয়েক মুহুর্তের জন্য
91230	00695ade49.mp3	রোগবালাই না থাকায়
903fa	0069f0703d.mp3	সংকটের দিকে ঠেলে দিচ্ছে
bd576	006aab000c.mp3	নওমহলের দশটি
7d004	006ade289b.mp3	পর্যটকের ভিড়
e3d8b	006b7ec7b3.mp3	সিলেটে আমিও যাব বলে
b9122	006b890b53.mp3	খেলাফত
ff1c3	006baf1a1a.mp3	পুরুষের ওপর
66c6b	006bc72b1c.mp3	নির্বাচিত সরকারের মেয়াদ শেষে
c5479	006c2d9c0c.mp3	বিশ্ববিদ্যালয় কর্তৃপক্ষ সিদ্ধান্ত
47e8d	006c5dcf50.mp3	যার নাম
2c9c5	006c80a14c.mp3	আদায় করতে পারেনি তারা
98b81	006ca909d4.mp3	উপর থাকিবার ব্যবস্থা করিয়া দিল
9b864	006ccbff50.mp3	ইসি কোনো ব্যবস্থা
92bd8	006d3d6de0.mp3	মুনি ভ্রান্ত হয়
69449	006d547d0e.mp3	বাংলার মুসলমান সম্প্রদায়ের
28bb3	006d726452.mp3	সমাঝোতার কথা বলে
16877	006d9915ad.mp3	বিধর্মীর ঘরে
1279e	006dd2a62c.mp3	ছটু মণ্ডল, সুলতান
321b6	006eb8eea7.mp3	এর কিছুদিন পরই
f0f95	006ecb9f46.mp3	যদি প্রিয়জনের লাশটা
2ad74	006eeba0d7.mp3	সবচেয়ে খ্যাতিমান হয়েছিলেন
c958a	006f9e4ec7.mp3	কেউ দিতে পারছে না
239f7	006fa1a68b.mp3	এইচ এস সি
91223	006fc329ab.mp3	তারা দলীয়ভাবে
29d44	007023e27b.mp3	পাঁচটি উইকেট নিয়ে
d9081	0070603393.mp3	আদিবাসী
c6848	0070a6f686.mp3	কেনিয়া হিন্দু
2aecc	0070b801ae.mp3	মৃতের অতীত জীবন
18460	0070c4476c.mp3	সমুদ্রে ভাসতে ভাসতে
2909b	0071323370.mp3	অধিষ্ঠিত আছেন
58998	00719b0a48.mp3	নির্বাচিত হয়েছেন মোস্তফা কামাল
4dd57	0071b27dd7.mp3	হরতাল কর্মসূচির সাথে রয়েছে
1e7c6	0071f5c46e.mp3	স্পিকার মীরা কুমার
bfac7	0072149629.mp3	তারা বিক্ষোভ করেন
e03fc	007263c3fb.mp3	তার বাজনাটা
65e30	00727ebc8f.mp3	স্বর্ণপদক প্রদান করা হয়
e31e7	00728f32ca.mp3	তাই সময় নষ্ট না করে
1f733	00729b647b.mp3	হিন্দি গান
8143b	0072a6b23e.mp3	লয়েড ম্যাথিউসের নেতৃত্বে
491a5	0072b55adb.mp3	আমাকে ঘিরিয়া ধরিল
7ee9b	007350beda.mp3	তিনি সন্তুষ্ট নন
06ea3	0073b8f839.mp3	কালের কন্ঠ সংবাদ
a1d4a	0073ce2ecf.mp3	শিক্ষার্থীদের হল নির্মাণ
08458	0073d6fbe7.mp3	এমন কোনও প্রমাণ নেই
a3a6d	0074030db5.mp3	প্রেমের উক্তি
10a9f	0074595cf9.mp3	বা আমিনুল হত্যাকাণ্ডের প্রেক্ষিতে
ad050	0074b694e2.mp3	তিন বছর মেয়াদে
e6e48	0074cc4bab.mp3	শুধু তাই নয় অনলাইনে ভোটাররা জাতীয় পরিচয়পত্রটি স্মার্ট কার্ড নবায়ন করতেও পারবেন।
f2780	00750889ed.mp3	গেরিলাযুদ্ধ অনেক সময়ই
25117	00751f475c.mp3	সুনন্দার প্রশংসা করছে
698a4	007583919f.mp3	বাবা জ্যোর্তিময় গুহঠাকুরতা
7b900	0075a2953e.mp3	সন্তুষ্ট হতে পারেননি
f2097	0075ad2474.mp3	বিআইডব্লিউটিএর চেয়ারম্যানের কাছে
7a227	0075c16f74.mp3	মেমোরি
7c272	0075d2e8f6.mp3	একটা না-ঘুম না
ff0fe	0075dfc1db.mp3	মোহাম্মদ নাসিম সভাপতিত্ব করেন
420df	0075dfe22b.mp3	পরবর্তী কালে দক্ষিণ আফ্রিকায়
9e923	0075eff2b1.mp3	লড়াই করছে ভারতের জনগণও
aabe7	0075fcf43c.mp3	৭/৮টি মামলা রয়েছে
4ea73	0076949cc3.mp3	২০০২ সালে তা এসে
8cf95	0077098396.mp3	ছেলে আইজ রাইত এখানেই থাকবে
f83df	00771a5e10.mp3	মাত্র চার ঘণ্টা সূর্যের আলো
943de	0077a85cde.mp3	তার সঠিক কোনো দিক নির্দেশনা
0a87a	0077d47efb.mp3	তার ফাইনালেও
bcaa8	0077dacfb1.mp3	১০ম দুবাই আন্তর্জাতিক
5b13f	00784f6152.mp3	জেমস চকোলেট ১ প্যাকেট
717bb	00785d5fb1.mp3	সেখানে গেলাম
44322	00787fa6cb.mp3	মর্মস্পর্শীভাবে ফুটিয়ে তোলা হয়েছে
b8bdd	0078ef951d.mp3	সমান সুযোগ রাখা হয়েছে
616ec	0078f15681.mp3	স্বরাষ্ট্রমন্ত্রী গতকাল সাংবাদিকদের জানান
420df	0078f52952.mp3	তবে রাত ৮টার দিকে
388c9	00795f0014.mp3	আকরাম আহমেদ
42898	0079835645.mp3	এদিকে বিদ্যুৎ বিভাগকে
bf530	0079a6ed9c.mp3	শতাব্দীর একজন
4c555	0079d20c6c.mp3	মুরগির খামার
ff1eb	0079f1fa5b.mp3	প্রধানমন্ত্রী হলেন সরকারপ্রধান
39dd0	007a4f0f7e.mp3	তারা যেন একটু হলেও
f29bf	007b7e8078.mp3	শ্রীলঙ্কা সিরিজে
282d3	007c5d1b3e.mp3	পল্লী সঞ্চয় ব্যাংক
bd576	007c6dcfc3.mp3	বধ্যভূমি থাকার বিষয়টি নিশ্চিত করে
f658d	007c7c7f60.mp3	শনাক্ত করতে পারবেন
66dcd	007c7decde.mp3	চলচ্চিত্র জগতকে বিদায় জানান তিনি
cf82a	007cb9f152.mp3	এমন প্রেক্ষাপটে বিশ্বব্যাংক বলছে
d1a48	007cd93701.mp3	স্পন্দিত হইতে লাগিল
9c8dd	007d582429.mp3	পাহারারা পাথরের মূর্তি
880ae	007d6368e3.mp3	লোক ক্ষেপেছিল কেন
2d78f	007d78f402.mp3	চণ্ডীদাস ও জ্ঞানদাসের
9d7bf	007e3b65e2.mp3	কিন্তু পানি নিষ্কাশনের
68549	007e50f226.mp3	বাংলাদেশের সর্বোচ্চ আদালত
ca088	007ed8fdcc.mp3	টাঙ্গাইল চলে আসেন
6e8cb	007f0f33fd.mp3	তাদের অনেকের স্বপ্নই এখন
b8bdd	007f27e703.mp3	অ্যাডিডাস বলটির
274ee	007f5714dd.mp3	আমি পাঠ্যবইয়ের বাইরে
e8dde	007f61c77a.mp3	সালোকসংশ্লেষণ বেশি হয়
98b81	007f8a41b1.mp3	এ জন্য ভাষা সরল
f1ff2	007f934d58.mp3	খবরের ভিত্তিতে
80518	007fa8b9be.mp3	তিনি উদাহরণ টেনে বলেন
68549	007fb55b6b.mp3	তাঁর খুড়তুতো ভাই
9065c	008076aebb.mp3	আমি চাইছিলাম
16a17	00813cb1cd.mp3	উঠিয়ে দেয়
38ff0	00817e595f.mp3	নিজেদের দাপ্তরিক দায়িত্ব
9813c	0081f664fd.mp3	বিলাই
47e8d	00825047e7.mp3	দুজনেই নাকি
ff1eb	0082637907.mp3	মিজানুল ইসলাম
06ea3	00827f109d.mp3	সুপেয় পানির জন্য
73629	0082a0e29c.mp3	নারায়ণগঞ্জ পুলিশের পক্ষ থেকে
ad2a0	0082b4170c.mp3	উদ্ধারকাজের সাথে জড়িত
ff1eb	0083831812.mp3	শরীরকে না ফেললে
2ee04	0084780a7b.mp3	মধুসূদন, হেমচন্দ্র, নবীনচন্দ্র
80505	00847ec5e3.mp3	কিন্তু নিজেদের ভুলেই
bdd05	00847f5353.mp3	সেখানে বসে সে
256f5	0084fe444f.mp3	৫ উইকেটে
b8ed8	00854b6e11.mp3	দূরীকরণ ইত্যাদি
2556b	008554e9ba.mp3	১৯৩৬-১৯৪২
c958a	008564406b.mp3	হঠাৎ ভটভটির ইঞ্জিন
2f547	0085ac8398.mp3	তেজস্ক্রিয় এবং মৌলগুলো
a916a	0086530e90.mp3	র‌্যাম্পে যেমন নিজেকে
2d78f	0086c170e0.mp3	টেক
778c0	0086d720d8.mp3	ও নবান্ন কথনে উঠে আসে
86b1b	00870c71df.mp3	খুদে কয়েকটা কৃত্রিম ঝরনার মতো
38ff0	00875587eb.mp3	শরৎচন্দ্র চট্টোপাধ্যায়
c41d8	0087de2a37.mp3	সমাজের উন্নতি, অগ্রগতি
b08d0	0088d999d2.mp3	হারকিউলিস নামের
fd880	00890b54c7.mp3	এক রকম বাধ্যই হচ্ছেন
77f82	00891d0cda.mp3	পরিকল্পনা করার সুযোগ আছে
778c0	00895c276f.mp3	আমাকে বলেছিলেন
75f18	00896d2ce9.mp3	আউটলুক মানি
59c73	0089856007.mp3	তারা মৃতদেহ পাননি
1a2a1	0089c46a94.mp3	সিলেট ও ফেনীর শহীদ মিনারও
d5f7b	008a9d1aa5.mp3	এ রকম ভয়বহ ঘটনা
c5dc8	008bff9681.mp3	দুটো নুড়ি
69449	008c6fc3cf.mp3	তেঁতুলের বিরুদ্ধে
9092b	008d230749.mp3	প্রতিনিধিত্ব করেছেন বুদ্ধদেব বসু
d2faf	008d4bc528.mp3	তারা নিতে চাইছেন না
e00db	008d54b9a7.mp3	খালেদ বলেন
8143b	008e05ac0a.mp3	সাম্প্রতিক সময়ে সরকারী ও বেসরকারি উদ্যোগে নানা তৎপরতায় এ বিষয়ে সচেতনতা বেড়েছে অনেক।
16a17	008e239270.mp3	তেমনি সত্যিকার স্বদেশকে
4e900	008e4ef4be.mp3	৩০ লক্ষ শহীদের কসম
4f2ae	008e6f4c9a.mp3	এসময় পুলিশের সাথে
bcaa8	008ec55164.mp3	হাততালি এখন খরচ করে
fd880	008ec9c3d6.mp3	সরকারী ভবনের দখল নিয়ে
fdcba	008f7460b0.mp3	ছিন্ন মস্তক তাঁহার কোল হইতে
c463d	008fbae2fe.mp3	আর কোনো সময়ক্ষেপণ
9282d	0090a1be19.mp3	প্রথমবর্ষ অনার্স ভর্তি পরীক্ষা
c6848	0090a82e84.mp3	আমার পাশের রুমে থাকে
acb88	0090e48809.mp3	এই ব্যবস্থা
fda1a	0091197397.mp3	এসিড মৃত্তিকায়
d2faf	009137d496.mp3	বিভিন্ন রকম
c41d8	0091c60ef2.mp3	সংগীত পরিচালক ও কবি
7b103	0091dec29e.mp3	নতুন করে লেখা
bd576	009245407b.mp3	অক্টোবরের ২১ তারিখে
fdcba	00925ea687.mp3	যুক্তরাজ্য ভিত্তিক আন্তর্জাতিক
4486f	009307fe2e.mp3	সাহিত্যিক, অভিনেতা মাঝেমধ্যেই
274ee	0093165efa.mp3	গায়ে আগুন দিয়ে
4bd2c	00933d8fd0.mp3	তার উপরে তীর্থস্থান
698ff	00935a8543.mp3	এ সময় বিশেষ অতিথি হিসেবে
c2082	0093a064d7.mp3	বাংলাদেশের অস্তিত্বের প্রয়োজনে
ce629	0093a3ec6f.mp3	সংরক্ষিত এলাকা হিসেবে
71522	0094194234.mp3	ধরণী, ইরাবতী
bbb22	00943a758e.mp3	মিত্রতা বজায় রেখেছে
f2097	00945b504f.mp3	সারারাত ফুল ফুটে
b00ba	00949a6655.mp3	মম’র বিয়ে
9092b	00949d338f.mp3	আমি সবেমাত্র
6c6bf	0094c15a18.mp3	ভালবাসার লাল গোলাপ
b08d0	0094db83e5.mp3	এ ব্যাপারে চাপ দিচ্ছে
83c53	00950f1da3.mp3	প্রতিযোগিতার চূড়ান্ত পর্ব নিয়ে
92f59	00956b24c1.mp3	যথেষ্ট শ্রম
c3cb3	00957f84a7.mp3	হলিউড কাঁপানো তারকা অভিনেত্রী
28bb3	00959dedfc.mp3	তুলে নেয়া হয়
12702	0095cd088f.mp3	পেশাদার ড্রাইভিং লাইসেন্স
e3f89	009643ef83.mp3	পিকেটিং করে জামায়াত শিবির
321b6	00964857de.mp3	সমস্যা কোথায়
9d7bf	009709d454.mp3	পাড়ার লোকেরা
11de3	0097267385.mp3	এডওয়ার্ড স্নোডেন বলিভিয়া এবং অন্য কয়েকটি দক্ষিণ আমেরিকান দেশে রাজনৈতিক আশ্রয় চেয়েছেন।
efc0d	00974bd884.mp3	হাতিয়ার
68549	00975c1448.mp3	২০০০ সালে বাংলাদেশকে
ee7b2	0097be6c1a.mp3	বিশেষ মনিটরিং সেল
5d12f	0097c1f559.mp3	সন্তান হারানোর
e6e48	009807ec64.mp3	আই কনটাক্ট করতে চাই
321b6	00986f9973.mp3	সোনার কাটি রুপার কাটি ছিলেন
3bb15	0098b4e6e0.mp3	ইষ্টি আইছে
92bb2	0098e23fab.mp3	সংবাদ সম্মেলনে
7b60a	0098f0c733.mp3	গণমাধ্যমের প্রতি আহ্বান জানায় তারা
e754e	009938915f.mp3	কবি ও প্রাবন্ধিক রাজু আলাউদ্দিন
e7230	0099405a35.mp3	অমনি দেখে
0895a	00996aa762.mp3	অন্যতম সদস্য ড্রামণ্ড সাহেব বলেন
ea8fa	0099d3b201.mp3	বড় বড় মানুষের
43b04	009a7ca6c0.mp3	সে ছুটে মাঠে চ’লে গেল
bf530	009b16f4b5.mp3	নিজের জীবন
698ff	009b462e19.mp3	সরকারের কাছে না পাঠালে
0a7a0	009b4cde3e.mp3	আল্লাহ যা বলেছেন তাই সত্য
1b359	009b5ebc30.mp3	ফিরে এসেছেন
b08d0	009bad13dd.mp3	ইতিবৃত্ত-বিষয়ক গ্রন্থে
2c9c5	009bc705f5.mp3	সঙ্গীতকলা স্থাপত্যশিল্প
8845d	009d6e8214.mp3	ভোট হবে ২৪ ফেব্রুয়ারি
da6f0	009d700d16.mp3	পাণ্ডব-রাজ্যের পুনরুদ্ধার
3faff	009db01a5d.mp3	সেটা ফিল্মস ডিভিশন
4fd66	009dcc8663.mp3	আমরা এখন
d9081	009dd8b537.mp3	অন্য কোন বিকল্প নেই
3bea8	009e185a61.mp3	টাকা-পয়সা নিয়ে
4ea73	009e193900.mp3	বেবর সাহেবের নাম
7b103	009e6ce579.mp3	তার পরেই ঠাহর হলো
0a7a0	009e76a6b0.mp3	স্বাভাবিক পদক্রম হল
4a67e	009ea8d355.mp3	হ্যাঁ, গুজরাটে যা হয়েছিল
3f493	009ebd00c0.mp3	আমার সোনার ময়না পাখি
a06a1	009ec330f0.mp3	উপচে পড়ছে বাড়ি
80518	009f47d832.mp3	মানবিক দৃষ্টিকোণ থেকে
1b359	009f83a867.mp3	তারা আরব দেশগুলো থেকে
5dd61	009fc9af89.mp3	সবচেয়ে বড় চমক
7aed9	00a0010cf8.mp3	পরমেশ্বর যদি রেগে যায়
16a17	00a0215d51.mp3	তাদের বিরুদ্ধে তারা ব্যবস্থা নেবে
32998	00a0486294.mp3	কাউকে ভয় পান না তিনি
0744c	00a048efac.mp3	মাসিক পত্রিকা কিনলে
f837a	00a095228d.mp3	তাদেরকে উদ্ধার করে
66c6b	00a0fec976.mp3	দশম জাতীয় সংসদ নির্বাচনে
f280a	00a1e54507.mp3	স্পিকার মীরা কুমারসহ
ba2f6	00a1fa1b3f.mp3	শেষ মূহুর্তে জানায়
dfefa	00a23c343e.mp3	সন্ধ্যায় একটা সিনেমা
7d133	00a2710ff4.mp3	ফিলিস্তিনি নেতা
c7a89	00a2bfd5d9.mp3	তিনি করলেন কি
239f7	00a38ace38.mp3	সভায় ফিরে এলে
2695f	00a41053e9.mp3	খ্রীঃ পূঃ ১৩৭০ বৎসরে
520fb	00a4640a4f.mp3	বাংলাদেশ সবচেয়ে দীর্ঘ
e8dde	00a5258384.mp3	আমার ভালবাসা
e68af	00a53a0db3.mp3	আটকা পড়া একটি ডলফিন
69d9a	00a55ac8ec.mp3	গত২৭ জানুয়ারি
e9759	00a5a23863.mp3	"ব্রিটিশ লেবার পার্টির নেতা এড মিলিব্যান্ড বলেছেন টনি বেন ছিলেন ""আমাদের সময়ের একজন উজ্জ্বল ব্যক্তিত্ব""।"
a4750	00a66d3b91.mp3	তাহাতেও কৃষ্ণের নাম আছে
a916a	00a6849513.mp3	গলার ভেতর মরা রক্ত হয়তো
16e96	00a68685ea.mp3	জিরাবাটা দিয়েনাড়ুন
4c555	00a6e7391d.mp3	রথীন্দ্রনাথ, প্রশান চন্দ্র মহলানবি
880ae	00a6f15de2.mp3	গণতন্ত্রপন্থী আন্দোলনকারীদের বিরুদ্ধে
25117	00a7086476.mp3	আর্কাইভিস্ট মাইকেল আর্লউইন
2ad74	00a73f347b.mp3	কালো দাগ ছাড়া
491a5	00a82a5eb6.mp3	যত দ্রুত সম্ভব কাজ শুরু করাই সরকারের লক্ষ্য।
194f5	00a905b52b.mp3	বইয়ের দোকানের সামনে গিয়ে
616ec	00a973cfa4.mp3	এবং মি. আশরাফ ছিলেন
cd3ac	00a98b1032.mp3	চৈতালি বলে
93bf3	00a9d000a0.mp3	চিমটি কাটতে হচ্ছে তার
ee994	00a9e11d24.mp3	তা’ কি আমি জানি না
64092	00a9f43f7a.mp3	গৃহকর্মীকে নির্ধারিত মজুরির চেয়ে
ff970	00aaab00ab.mp3	কি শিশু কি যুবা
ced74	00abe1688c.mp3	যে বনায়ন কার্যক্রমে
0edef	00ac675e10.mp3	কতটা বৈষম্য হ্রাস করতে পেরেছে
e68af	00ac92a5c8.mp3	বেচে ফেলছেন
0bace	00acc9e37c.mp3	ঘুরতে শুরু করেছিল
491a5	00ace6f788.mp3	নিউ ন্যাশন, মর্নিং নিউজ
2d78f	00ad1e9668.mp3	তারিফ না করে
e31e7	00ad891f59.mp3	আইসল্যান্ডের প্রায় অর্ধেক অংশ
ad2a0	00adc56c5f.mp3	রাত্রে কুপি জ্বালাইয়া
e8dde	00ade2be95.mp3	দেখা যায় আমদানি
c463d	00ae594528.mp3	কাফরুল থানা এলাকার সেনপাড়ায় থাকেন
2bc73	00aea690f5.mp3	জোরালো শট
f4ba7	00aeb283e8.mp3	আজ রবিবারেও দলের মহাসচিব গিয়েছিলেন কিন্তু সেসব গ্রহণ করা হয়নি।
fcefa	00aeb626d9.mp3	করা ঠিক না
0a7a0	00aebe9d91.mp3	আগে ব্যবহার না করলে
ab946	00aef1c405.mp3	সকালে শহরের কম্পপুরে
7d133	00af61420a.mp3	পলাশী, ব্যবসায় শিক্ষা অনুষদ ঘুরে
66c6b	00af816790.mp3	যে কথা উঠেছে
ad050	00af89f97e.mp3	তাতে আমাদের তেমন আনন্দ নেই
0696e	00afb09dfd.mp3	যুদ্ধাপরাধ বিচার মঞ্চের
778c0	00b0077d19.mp3	তুমি অবিমুগ্ধ হইয়া
b8fe1	00b051e227.mp3	গণতন্ত্র সম্পর্কে
cb1aa	00b0c74a8c.mp3	চট্টগ্রাম এসেছিলেন
93bf3	00b13c83e5.mp3	বাজার ঘুরে দেখা গেল
01e91	00b1a91838.mp3	ততটুকুই করা হয়েছে
01e91	00b25bf18a.mp3	আদালত কার্যদিবসের শুরুতে
f837a	00b32e047d.mp3	বর্তমান রাজনৈতিক প্রেক্ষাপট দেখে
f6e55	00b49ae437.mp3	বৃহস্পতিবার থেকে ২৪ মার্চ পর্যন্ত
93d3b	00b49b45bb.mp3	নাট্যকার মামুনুর রশীদ
bd576	00b4abede7.mp3	সম্ভাবনা ও নতুন জগতের ভাবধারা
32b3e	00b4f7dd41.mp3	আমরা অনেকক্ষণ হলো
0bace	00b5180142.mp3	থেকেও রেহাই পেয়ে
121bd	00b574faaa.mp3	জাপান ও চীনের মধ্যে
ad050	00b5797f0f.mp3	পশ্চিমা দেশগুলোকে আশ্বস্ত করেন তিনি
cb842	00b5b60f1a.mp3	যাওয়ার মধ্যে
83c53	00b5f2de82.mp3	কেন রে মূঢ়
24aed	00b63139f7.mp3	সেই যে কলকাতায় ফিরে গেলেন
321b6	00b673bd29.mp3	সব মিলিয়ে বেশ
bbb22	00b6759ab3.mp3	দ্রুত উত্তেজনা কমিয়ে
bd576	00b6e012b2.mp3	উৎসব করে ঢাকা বিভাগ
31f2a	00b718c37b.mp3	আমার কর্ণকুহর
194f5	00b75fc3ec.mp3	টলিউড চলচ্চিত্রে প্রদর্শিত
c0d65	00b7a6990e.mp3	প্রচ্ছদ ও আলোকচিত্র
1e7c6	00b7c616f6.mp3	সম্মেলনের সাফল্যকে ইতোমধ্যে প্রশ্নবিদ্ধ করেছে
778c0	00b95717f6.mp3	এই কাজ পরিত্যক্ত হয়
a274b	00b96832dd.mp3	সারা বিশ্বে এক নম্বর
2ac82	00b9f7554b.mp3	নির্বাচন করতে
ec91c	00ba8cb4d1.mp3	সিদ্ধান্তগুলো কি আদৌ
3b1f7	00bb2abf2b.mp3	রাজধানী পেরিয়ে
46da4	00bb8ae812.mp3	মুক্তির কোনো কথা তাঁর সাহিত্যকর্মে
a8710	00bbf8682d.mp3	যেহেতু ২৪ শে অক্টোবর থেকে
9642e	00bcfabb00.mp3	সহায়তা না পাওয়ায়
3b1f7	00bd010e3d.mp3	চূড়ান্ত করতে
4a918	00bd5402ad.mp3	আরও জানতে অপেক্ষা করতে হবে
f0f95	00bdd8bf21.mp3	গড়ে তোলার
73629	00be8966cf.mp3	মির্জা ফখরুল
14d25	00bf0d5a13.mp3	লেখকের জন্যে
fb4cb	00c006080f.mp3	পরীক্ষায় সফল হওয়ার পর
66dcd	00c02e30f9.mp3	নাশ করে
16a17	00c082b473.mp3	তাদের বিয়ে মাত্র
e00db	00c156b05a.mp3	সমকালীন দৃষ্টিভঙ্গি’তে
256f5	00c182d6f9.mp3	বায়ুর বিশেষ পরিচয়
3c897	00c19393f9.mp3	৬৭তম মিনিটে
3f875	00c1968989.mp3	আন্দোলনে একাত্মতা ঘোষণা করে
0696e	00c235f8f3.mp3	দেবশ্রী রায়
698a4	00c28cd71c.mp3	বাঙালি স্বাধীনতা সংগ্রামের
dae88	00c29004bc.mp3	আসর পরিবেশন করেছেন
ac0df	00c2a7235b.mp3	এক বছর পরও
0c39f	00c347a1ec.mp3	হাটে বাজারে স্পেনীয় ভাষাতেই
2695f	00c45fd7e1.mp3	আমাদের রবিশস্যের
acb88	00c4df71db.mp3	তখন অজস্র জ্যোৎস্না
eb179	00c518844c.mp3	নয়টি চেকপয়েন্টের নিয়ন্ত্রণ
195f7	00c53eb006.mp3	মেয়েদের বেলায়
3fb17	00c57ae088.mp3	সম্পূর্ণ অমনোযোগী
d5f7b	00c5d597e3.mp3	ড্রেসডেন শহরে
d136b	00c644a12b.mp3	ধরা যাক পায়ের আঙুলে
75626	00c65af965.mp3	মামলা করার বিধান রয়েছে
7d004	00c70cbe2d.mp3	সকালে বাড়ির কাছে
2d98b	00c7798736.mp3	লিপিবদ্ধ করে আসছে
3fce2	00c7810126.mp3	চেষ্টাও করা হয়
a06a1	00c801d2d7.mp3	সুকান্তের ঘোষণা, ইতিহাস
c7705	00c80e54e3.mp3	জনমত গড়ে তুলেছেন
a46e2	00c8377e82.mp3	আপনি সঠিক বলেছেন
0a87a	00c84241d9.mp3	সেই বিশাল পরিকল্পনা তাঁকে
d71a3	00c9353520.mp3	এ সিদ্ধান্ত হয়
29f8c	00c9965110.mp3	দুইটি প্রাণী গলুইয়ে বসিয়া
29f8c	00c9b2c087.mp3	অনেক মূল্যের বিনিময়ে
b9122	00ca2fc41a.mp3	তুর্কি সংস্কৃতি ও তুর্কি পাণ্ডিত্যের বিষয়ে
f29bf	00ca39afae.mp3	স্যাম মেন্ডেস পরিচালিত
b52ab	00ca48af48.mp3	বুয়েট ক্যাম্পাসে নেয়া হয়
80518	00ca55e0f3.mp3	যা ২০০৩ থেকে ২০০৯ পর্যন্ত
4f450	00ca7c33c5.mp3	কোতোয়ালি থানার উপ-পরিদর্শক
7ee9b	00cad5a413.mp3	যদিও গোর্কি
2556b	00cad84968.mp3	জুলাই, ১৯০৬ সালে
6fb36	00cbe1e536.mp3	একটা খারাপ বছর
2b883	00cc0117b7.mp3	এটাও জানিয়ে দিয়েছেন
05901	00cc37b03e.mp3	অসমীয়া জাতির
91223	00cc627edb.mp3	শনিবার জর্দান সফরের মধ্য দিয়ে
b9122	00cd146de7.mp3	তখন থেকে তারা দেখে আসছে
d9b11	00cd383a36.mp3	ক্ষুধা বাড়িতে লাগিল
11bd2	00ce1e85f3.mp3	দেশের একটি জাতীয় দৈনিকের
ee7b2	00ceca350e.mp3	একজন যুবক বলছেন
195f7	00cef758f3.mp3	বাংলাদেশের শেষ ম্যাচের দিনে
b00ba	00cefbc2da.mp3	পুরো কোটা বাতিলের
3faff	00cf10e539.mp3	ডুবন্ত লঞ্চটির অল্প অংশ
3ccf1	00cf2405cc.mp3	আইনশৃঙ্খলা রক্ষায়
1a4a9	00cf2e3ffc.mp3	আমেরিকা থেকে ফিরে আশির দশকের শুরুর দিকে শিপিং ব্যবসার মাধ্যমে ব্যবসা শুরু করেন।
880ae	00cfd45a79.mp3	ধারণা করছে রানা
2909b	00d03dca0d.mp3	আমার ভারি ভয় হতো
86b1b	00d060275c.mp3	বোমা হামলার খবর আসছে
13b6a	00d086715b.mp3	পিটার ড্যাশাক আরো বলছেন
bf530	00d0948a38.mp3	এসব অঞ্চলের ঝুঁকিপূর্ণ ভোটকেন্দ্রে
b8bdd	00d0ab8769.mp3	আমার ভাই
089ef	00d1268fe9.mp3	এই জালিয়াতিতে সক্রিয় দেখা গেছে
c3cb3	00d14506d0.mp3	মিশরের এই মহারানির
d2294	00d152a588.mp3	বিলটি পাসের দৃশ্য
ce775	00d1a372b6.mp3	অল্প কিছু বিরল ব্যতিক্রম বাদে
07660	00d1a868ea.mp3	ধকল কাটাতে
92bd8	00d1e01614.mp3	নাট্যমন্দির ছেড়ে
ad050	00d1ef9bd5.mp3	শিল্পী আঁখি আলমগীর
9092b	00d2946b69.mp3	দেশি
9e923	00d2d034ec.mp3	কিন্তু রাতের ঝড়ে
b8bdd	00d2db5367.mp3	নির্যাতন চালানোর অভিযোগও রয়েছে
1c618	00d2fc246c.mp3	সমস্ত জিনিস
3c897	00d2fd2b72.mp3	মাথা
b9122	00d2fdaa7f.mp3	ডাকাতি বা পূর্ব-শত্রুতার
39293	00d333bc2d.mp3	ভাতের সঙ্গেও খেতে পারেন
745b7	00d3498093.mp3	দাঁড়াতে পারছিলাম না
0d4cb	00d3bf4412.mp3	সংগীত পরিবেশন করেন
e2ff7	00d45224a2.mp3	আরেকটি সফল উদাহরণ
58998	00d46fac05.mp3	লাশ দুটি মর্গে রয়েছে
ee7b2	00d4be2b52.mp3	এ ঘটনার জের ধরে
ec91c	00d5b15b7c.mp3	ডাকা অভিমুখে লংমার্চ শুরু করবেন
95907	00d5e49387.mp3	এই প্রশ্নগুলো
ca831	00d5ee6f76.mp3	তার বন্দী খোঁপা কাঁধের ওপর
bdfc1	00d5f85d95.mp3	পালিয়ে গেছে
2fc12	00d65808d5.mp3	এর সাফল্যের উপর
60b9d	00d6ca84b4.mp3	সেদিকে নজর দিতে হবে
e6d83	00d6eaa2a5.mp3	নজরে পড়েন তিনি
3c897	00d7160169.mp3	যেদিন ও’রা আসেন
37d7e	00d753d238.mp3	তিনটি যানবাহনে
f6e55	00d79e7353.mp3	ব্রিটিশ ও পাকিস্তানের বিরুদ্ধে
577fa	00d7b7a1df.mp3	যিনি একটি কার্যকর নৌবাহিনী
18a52	00d7d0866e.mp3	মর্জিশাসিত তাঁর জীবন
5cb47	00d7fc5ad2.mp3	যতদিন আমাকে না দিচ্ছে
7027a	00d91140fb.mp3	ছেলেটির বয়স বছর চারেক
0d8c1	00d94e430e.mp3	একটি নতুন কুলি
bcaa8	00d9857251.mp3	তোমাদের আমি সেই যুগের কথা
e03ce	00d9922748.mp3	আন্তর্জাতিক ভাষা দিবস
1f733	00da2db85d.mp3	নির্ধারিত রাইডসে চড়তে
46d49	00da56b869.mp3	কিছু প্রতিষ্ঠান
698ff	00daa99220.mp3	পেশায় আইনজীবী
ca088	00db454e59.mp3	প্রাকৃতিক নিয়মে প্রতিদিন
efc0d	00db6e123e.mp3	ছুটির সিদ্ধান্ত
e50f1	00dbcaeea9.mp3	অ্যাডভোকেট জয়নাল আবেদীন বলেন
ba2f6	00dcbeb27e.mp3	এক বেদনাবিধুর প্রেম কাহিনী
10a9f	00dccd631f.mp3	এক পারিবারিক মণ্ডলে
b8bba	00dd284cfa.mp3	অসংখ্য জনপ্রিয় গান
9c8dd	00dd57768e.mp3	লাভবান হওয়ায়
38d3a	00dda04ca3.mp3	থলের ভিতর
d9b11	00ddab44b2.mp3	তাদের পরামর্শ উপেক্ষা করে
f600a	00dded2e8a.mp3	যোদ্ধা
9d46f	00de9e28ea.mp3	জন্ম ও বেড়ে ওঠা
442b7	00de9ede68.mp3	দুই দিনের মধ্যেই
2d98b	00dee0988e.mp3	আমি তাকে বিয়ে করার
d7a68	00df6e05f2.mp3	বাংলাদেশের সাম্প্রতিক নির্বাচনের পর
33aef	00dfbd08e0.mp3	বাংলা ছোট গল্প
4f2ae	00dff0c787.mp3	দ্বিতীয় বিশ্বযুদ্ধের পর আদিবাসী জনগণের নিরাপত্তার জন্য জাতিসংঘ ১৯৫৭ সালে আইএলও ১০৭ প্রণয়ন করে।
2ac82	00e049a7e0.mp3	শীর্ষ সন্ত্রাসীদের তালিকা
577fa	00e15cf313.mp3	সন্ধ্যায় পুলিশ এল গ্রামে
a46e2	00e1953700.mp3	তাকে বিক্রি করে দিতে পারে দলটি
9092b	00e1b72052.mp3	দুঃখ প্রকাশ করে যশরাজ ফিল্মস
cc18a	00e1c4c2c0.mp3	চিনি দিয়ে রান্না করুন
f89d7	00e1f2f586.mp3	৪ অক্টোবর
12702	00e1f82cf1.mp3	অন্ধ হয়ে পড়েন
274ee	00e20f30d3.mp3	অন্যান্য কারণের মধ্যে
0a7a0	00e328ee10.mp3	মাসের পারফরমেন্স নিয়ে যখন
bbb22	00e32eaeb8.mp3	ছোট-বড় হাজার হাজার
fcc89	00e371c3ef.mp3	তাকে পার্সেলটি নিতে পাঠিয়েছিল
68549	00e37d62b8.mp3	বাংলার শিক্ষক হয়ে
65652	00e43366aa.mp3	সীমান্তের নো-ম্যানস ল্যান্ডে
92bb2	00e471b1f8.mp3	বাংলাদেশ সংলাপের বিশেষত্ব
e9589	00e47908d1.mp3	লবণাক্তও ছিল না
d2355	00e4df5939.mp3	বার্সেলোনার গোলমুখে
1652d	00e504cfd4.mp3	শিক্ষাস্থল প্রথমে
5dec6	00e5463680.mp3	এই আকস্মিক বইটির
430b2	00e57b39be.mp3	হয়রানি না করার নির্দেশ দেয়
ced74	00e5cb6ba4.mp3	অন্যদিকে একাত্তর থেকে শুরু করে
7b900	00e6126b89.mp3	মোটামুটি ব্যবসা করলেও
3c897	00e649f2f1.mp3	একটু ভড়কে যায়
25696	00e65f47e7.mp3	রাজপথের আন্দোলনে
11bd2	00e66d007a.mp3	যাত্রীরা অভিযোগ করেছেন
e9589	00e6be32e4.mp3	নরেন্দ্র মোদীর জীবনী
3bb15	00e7daee57.mp3	এটি বিদ্রোহী কবি
3fce2	00e7f558ea.mp3	খবর নিয়ে জানা গেল
31f09	00e8207d57.mp3	উলঙ্গভাবে বসে আছি আমি
8143b	00e849913a.mp3	তিয়াত্তর হওয়া
e3f89	00e8bacd16.mp3	কলা কুশলীরা
0895a	00e8de8fdf.mp3	১৩২ রানে পিছিয়ে আছে
ce180	00e91af105.mp3	নৌকায়, না সাঁকো বেঁধে
6aac8	00e94885c5.mp3	১৬ই মে তার বিরুদ্ধে
82926	00e99b019c.mp3	একসময় মুঘল দরবার
717bb	00eb1979ac.mp3	বড় বড় গোঁফ
2fe3c	00eb78922f.mp3	তাঁকে প্রিটোরিয়ার একটি হাসপাতালে
7d3e1	00eb900e81.mp3	তখন কি দাঁড়াবে
08458	00ebb2dbd5.mp3	থাকার জন্যই তো
6dff5	00ecbbe744.mp3	ভর্তি হন
d82d9	00ed590fd5.mp3	খিচুড়ি দেওয়া হচ্ছিল
b7be9	00ed5cbdd1.mp3	আপনি তাহাদিগকে পড়াইতেন
38d3a	00ed6adfe7.mp3	দুজন প্রায়ই
8c120	00ed72e9e1.mp3	ভারতসাগর কবজায় নেয়ার
8b859	00eda2b0a4.mp3	তিনি সমালোচনার মুখেও পড়েছেন
fd880	00eed11873.mp3	ফায়ার সার্ভিসে খবর দিলে
92bd8	00ef784911.mp3	সঙ্গে ছিলেন তার স্ত্রী
2fc12	00f00313ff.mp3	মূলত মাংস দিয়ে তৈরি
3bb15	00f04dc81b.mp3	তারা প্রাতিষ্ঠানিক
b2a62	00f0522079.mp3	গাল বেয়ে
e9759	00f0cd4156.mp3	তাই আমি প্রধানমন্ত্রীর কাছে
bdd05	00f1cb8885.mp3	মুহূর্তের মধ্যে জানা যাবে
554fe	00f1f81f0c.mp3	চর গুলগুলিয়া গ্রামে
f837a	00f2396ba9.mp3	৫৪ ও দশম উইকেটে
93080	00f2f06892.mp3	ডিপিডিসির ব্যবস্থাপনা পরিচালক
95f83	00f318e9f2.mp3	একটি শোভাযাত্রা
82926	00f33d5682.mp3	আলাদা আলাদা ভাবে
315e9	00f42bac99.mp3	ডিবির লোকেরা আমাকে
8cf95	00f56ae101.mp3	আমরা দেখেছি যে
7b132	00f60b4727.mp3	যুক্তি দিয়ে
a1201	00f670c03e.mp3	এসময় ছিনতাইকারীরা
c1e30	00f75bd35d.mp3	ভেবে ঠিক পায় না
25117	00f7d9bf55.mp3	বলতে বলতেই
a7c6f	00f841b84d.mp3	বরদাস্ত করতে পারতেন না
0b7ca	00f8ecf59f.mp3	বনে বনে
a1201	00faace898.mp3	আপনার দান মনে করিয়া
7f2ef	00fadd66c7.mp3	সমস্ত কাগজ
bd576	00fb1a936c.mp3	বাঁ পায়ের ভলিতে
153c9	00fb55e27a.mp3	বাংলাদেশে প্রেক্ষাগৃহ ছিল
2ac82	00fb61e94f.mp3	আপেল
0e637	00fc5d6d19.mp3	বর্ণনা পাওয়া যায়
239f7	00fc8396e2.mp3	মন্ত্রীদের মুখের
9d398	00fd33f477.mp3	র‌্যাব কর্মকর্তাকে গ্রেপ্তারের বিষয়ে
b4ea7	00fd4b107f.mp3	সমুদ্র সৈকত
68549	00fd80b5a1.mp3	ধ্যান-জ্ঞান করে আসছি
7df87	00fefe869d.mp3	পরিবেশন করেছেন
